,회사명,종목코드
0,DSR,155660
1,GS,78930
2,GS글로벌,1250
3,HDC현대산업개발,294870
4,LG이노텍,11070
5,LG전자,66570
6,LG헬로비전,37560
7,OCI,10060
8,S&TC,100840
9,S&T모티브,64960
10,SK이노베이션,96770
11,SK케미칼,285130
12,STX,11810
13,WISCOM,24070
14,YG PLUS,37270
15,갤럭시아에스엠,11420
16,고려아연,10130
17,국보,1140
18,극동유화,14530
19,까뮤이앤씨,13700
20,넷마블,251270
21,대덕,8060
22,대덕전자,353200
23,대영포장,14160
24,대한해운,5880
25,동아쏘시오홀딩스,640
26,두산,150
27,락앤락,115390
28,마니커,27740
29,메리츠증권,8560
30,모두투어리츠,204210
31,부국증권,1270
32,삼성SDI,6400
33,삼성바이오로직스,207940
34,삼성출판사,68290
35,삼성화재해상보험,810
36,삼양식품,3230
37,삼양홀딩스,70
38,삼영전자공업,5680
39,삼영화학공업,3720
40,상상인증권,1290
41,선도전기,7610
42,선진,136490
43,세방전지,4490
44,세원셀론텍,91090
45,신한알파리츠,293940
46,신한지주,55550
47,에넥스,11090
48,에스원,12750
49,영화금속,12280
50,윌비스,8600
51,유나이티드,33270
52,인지컨트롤스,23800
53,인터지스,129260
54,일성건설,13360
55,일진다이아,81000
56,제일약품,271980
57,제일연마,1560
58,제일파마홀딩스,2620
59,조흥,2600
60,지역난방공사,71320
61,진도,88790
62,코오롱머티리얼,144620
63,코오롱인더,120110
64,키다리스튜디오,20120
65,태경산업,15890
66,태양금속공업,4100
67,포스코강판,58430
68,필룩스,33180
69,한국공항,5430
70,한국종합기술,23350
71,한국철강,104700
72,한국패러랠,168490
73,한라홀딩스,60980
74,한미사이언스,8930
75,한미약품,128940
76,한솔로지스틱스,9180
77,한일철강,2220
78,한일현대시멘트,6390
79,한창제지,9460
80,한화생명,88350
81,한화시스템,272210
82,현대건설,720
83,현대건설기계,267270
84,현대모비스,12330
85,현대비앤지스틸,4560
86,현대엘리베이터,17800
87,현대중공업지주,267250
88,현대차증권,1500
89,현대홈쇼핑,57050
90,호전실업,111110
91,호텔신라,8770
92,CJ프레시웨이,51500
93,EDGC,245620
94,GH신소재,130500
95,GST,83450
96,GS홈쇼핑,28150
97,IBKS제13호스팩,351340
98,ITX엠투엠,99520
99,JW신약,67290
100,KB오토시스,24120
101,KG모빌리언스,46440
102,KH바텍,60720
103,SK5호스팩,337450
104,SK6호스팩,340350
105,THE E&M,89230
106,TJ미디어,32540
107,YW,51390
108,갤럭시아컴즈,94480
109,경남바이오파마,44480
110,경창산업,24910
111,고려시멘트,198440
112,골프존,215000
113,교보8호스팩,307280
114,국순당,43650
115,그리티,204020
116,나노브릭,286750
117,나스미디어,89600
118,네오티스,85910
119,네이처셀,7390
120,녹십자셀,31390
121,뉴인텍,12340
122,뉴프렉스,85670
123,대봉엘에스,78140
124,대유에이피,290120
125,대주산업,3310
126,대한약품,23910
127,동구바이오제약,6620
128,동방선기,99410
129,디에이피,66900
130,디엔에이링크,127120
131,디엔에프,92070
132,디오,39840
133,디지틀조선,33130
134,디케이앤디,263020
135,라이트론,69540
136,루미마이크로,82800
137,룽투코리아,60240
138,링크제니시스,219420
139,마이크로텍,227950
140,매일홀딩스,5990
141,메디톡스,86900
142,메이슨캐피탈,21880
143,메탈라이프,327260
144,모비스,250060
145,모트렉스,118990
146,미래SCI,28040
147,미스터블루,207760
148,바디텍메드,206640
149,바이넥스,53030
150,삼보판지,23600
151,삼본전자,111870
152,삼아제약,9300
153,상지카일룸,42940
154,서암기계공업,100660
155,성창오토텍,80470
156,세보엠이씨,11560
157,세종메디칼,258830
158,세코닉스,53450
159,셀루메드,49180
160,셀바스헬스케어,208370
161,스페코,13810
162,승일,49830
163,심텍,222800
164,싸이토젠,217330
165,쌍용정보통신,10280
166,씨유메디칼,115480
167,씨케이에이치,900120
168,아나패스,123860
169,아바텍,149950
170,아이센스,99190
171,아이씨디,40910
172,아이씨케이,68940
173,아이원스,114810
174,아이즈비전,31310
175,아이티센,124500
176,알리코제약,260660
177,알에프세미,96610
178,알에프텍,61040
179,알테오젠,196170
180,에스아이리소스,65420
181,에스코넥,96630
182,에쎈테크,43340
183,에이루트,96690
184,에이티넘인베스트,21080
185,에코프로비엠,247540
186,엑시콘,92870
187,엔피케이,48830
188,엘앤케이바이오,156100
189,엠게임,58630
190,엠벤처투자,19590
191,엠씨넥스,97520
192,영화테크,265560
193,오공,45060
194,오픈베이스,49480
195,옵티시스,109080
196,와이지-원,19210
197,우리바이오,82850
198,원익QnC,74600
199,원익큐브,14190
200,원풍물산,8290
201,웨이브일렉트로,95270
202,웰크론,65950
203,위지트,36090
204,유니온커뮤니티,203450
205,유니테크노,241690
206,유비쿼스홀딩스,78070
207,유신,54930
208,유안타제5호스팩,336060
209,유진스팩5호,331380
210,유테크,178780
211,유티아이,179900
212,이스트소프트,47560
213,이엠넷,123570
214,이지바이오,353810
215,이지웰,90850
216,인베니아,79950
217,인텍플러스,64290
218,자비스,254120
219,자이글,234920
220,정상제이엘에스,40420
221,제놀루션,225220
222,제우스,79370
223,제이엠티,94970
224,제이웨이,58420
225,제일제강,23440
226,제주반도체,80220
227,젬백스,82270
228,조아제약,34940
229,주성엔지니어링,36930
230,지엔씨에너지,119850
231,지엔코,65060
232,캐스텍코리아,71850
233,케이비제20호스팩,342550
234,케이피엠테크,42040
235,케이피티유,54410
236,켄코아에어로스페이스,274090
237,코렌,78650
238,코스온,69110
239,코윈테크,282880
240,코프라,126600
241,키네마스터,139670
242,토탈소프트,45340
243,투비소프트,79970
244,트루윈,105550
245,특수건설,26150
246,티앤알바이오팹,246710
247,티에스이,131290
248,파세코,37070
249,파커스,65690
250,판타지오,32800
251,패션플랫폼,225590
252,푸드웰,5670
253,프로스테믹스,203690
254,피델릭스,32580
255,피에스엠씨,24850
256,하나금융15호스팩,341160
257,하이즈항공,221840
258,한국맥널티,222980
259,한국코퍼레이션,50540
260,한양디지텍,78350
261,한일진공,123840
262,한일화학,7770
263,해덕파워웨이,102210
264,화성밸브,39610
265,휴맥스,115160
266,나눔테크,244880
267,다원넥스뷰,323350
268,다이오진,271850
269,선바이오,67370
270,시그넷이브이,260870
271,에듀파트너,208890
272,에스알바이오텍,270210
273,에스케이씨에스,224020
274,에프앤가이드,64850
275,엘리비젼,276240
276,유투바이오,221800
277,이도바이오,336040
278,인카금융서비스,211050
279,전우정밀,120780
280,지놈앤컴퍼니,314130
281,진코스텍,250030
282,큐엠씨,136660
283,티티씨디펜스,309900
284,파워풀엑스,266870
285,폭스소프트,354230
286,BGF리테일,282330
287,CJ CGV,79160
288,CJ대한통운,120
289,GKL,114090
290,GS건설,6360
291,HDC현대EP,89470
292,JW홀딩스,96760
293,KB금융,105560
294,SG충방,1380
295,SKC,11790
296,금강공업,14280
297,금호산업,2990
298,금호전기,1210
299,기업은행,24110
300,남선알미늄,8350
301,남성,4270
302,대구백화점,6370
303,대우건설,47040
304,대원제약,3220
305,대한방직,1070
306,대한제강,84010
307,대한제당,1790
308,대현,16090
309,덕양산업,24900
310,동원금속,18500
311,두산인프라코어,42670
312,디씨엠,24090
313,디티알오토모티브,7340
314,롯데손해보험,400
315,롯데칠성음료,5300
316,만도,204320
317,미래에셋생명,85620
318,미원홀딩스,107590
319,백산,35150
320,보락,2760
321,사조대림,3960
322,사조동아원,8040
323,삼부토건,1470
324,서원,21050
325,세방,4360
326,세아홀딩스,58650
327,세이브존I&C,67830
328,신송홀딩스,6880
329,신일전자,2700
330,써니전자,4770
331,아이마켓코리아,122900
332,아이에이치큐,3560
333,에이블씨엔씨,78520
334,엔씨소프트,36570
335,영보화학,14440
336,영진약품,3520
337,영풍,670
338,예스코홀딩스,15360
339,유니온,910
340,유니온머티리얼,47400
341,유유제약,220
342,유한양행,100
343,이마트,139480
344,이수화학,5950
345,이스타코,15020
346,인천도시가스,34590
347,일정실업,8500
348,종근당홀딩스,1630
349,지엠비코리아,13870
350,진원생명과학,11000
351,케이씨텍,281820
352,코리아써키트,7810
353,코스모화학,5420
354,코아스,71950
355,코오롱플라스틱,138490
356,쿠쿠홀딩스,192400
357,큐로,15590
358,티비에이치글로벌,84870
359,하이트론씨스템즈,19490
360,하이트진로,80
361,한국금융지주,71050
362,한국전자홀딩스,6200
363,한국타이어앤테크놀로지,161390
364,한국테크놀로지그룹,240
365,한국토지신탁,34830
366,한국특수형강,7280
367,한일시멘트,300720
368,한전KPS,51600
369,해태제과식품,101530
370,현대에너지솔루션,322000
371,현대에이치씨엔,126560
372,현대위아,11210
373,현대코퍼레이션홀딩스,227840
374,화승인더스트리,6060
375,화천기공,850
376,환인제약,16580
377,효성,4800
378,효성화학,298000
379,흥아해운,3280
380,APS홀딩스,54620
381,CJ ENM,35760
382,CMG제약,58820
383,CS,65770
384,CSA 코스믹,83660
385,EG,37370
386,HRS,36640
387,MP그룹,65150
388,NICE평가정보,30190
389,PI첨단소재,178920
390,PN풍년,24940
391,SCI평가정보,36120
392,SM C&C,48550
393,감마누,192410
394,강스템바이오텍,217730
395,게임빌,63080
396,경남제약헬스케어,223310
397,광림,14200
398,국영지앤엠,6050
399,나노엔텍,39860
400,나이벡,138610
401,남화토건,91590
402,네오팜,92730
403,넥스턴,89140
404,넵튠,217270
405,노바렉스,194700
406,누리텔레콤,40160
407,뉴파워프라즈마,144960
408,대성파인텍,104040
409,대아티아이,45390
410,대주전자재료,78600
411,대창솔루션,96350
412,덕산네오룩스,213420
413,데브시스터즈,194480
414,동아엘텍,88130
415,디알텍,214680
416,디엠티,134580
417,딜리,131180
418,라이브플렉스,50120
419,럭슬,33600
420,레드캡투어,38390
421,레이언스,228850
422,로보로보,215100
423,머큐리,100590
424,메디앙스,14100
425,메디포럼제약,47920
426,메타바이오메드,59210
427,멕아이씨에스,58110
428,모두투어,80160
429,무림SP,1810
430,미래에셋대우스팩3호,328380
431,미래에셋벤처투자,100790
432,미코,59090
433,버킷스튜디오,66410
434,부스타,8470
435,비덴트,121800
436,비즈니스온,138580
437,비트컴퓨터,32850
438,사람인에이치알,143240
439,삼강엠앤티,100090
440,삼륭물산,14970
441,삼양옵틱스,225190
442,삼영이엔씨,65570
443,삼일,32280
444,삼일기업공사,2290
445,삼지전자,37460
446,삼진,32750
447,삼화네트웍스,46390
448,상보,27580
449,상신이디피,91580
450,서린바이오,38070
451,서울바이오시스,92190
452,서호전기,65710
453,성우테크론,45300
454,성우하이텍,15750
455,세경하이테크,148150
456,세명전기,17510
457,셀바스AI,108860
458,손오공,66910
459,솔루에타,154040
460,수성,84180
461,슈펙스비앤피,58530
462,슈프리마,236200
463,신라에스지,25870
464,신라젠,215600
465,신영스팩5호,323280
466,신한제4호스팩,277480
467,신한제6호스팩,333050
468,아가방컴퍼니,13990
469,아모텍,52710
470,아미코젠,92040
471,아이에이,38880
472,아이에이네트웍스,123010
473,아이오케이,78860
474,아이톡시,52770
475,액트로,290740
476,앱클론,174900
477,에스에스알,275630
478,에스제이그룹,306040
479,에스제이케이,80440
480,에스티팜,237690
481,에이앤티앤,50320
482,에이치엘비,28300
483,에이프런티어,36180
484,에이프로,262260
485,에프알텍,73540
486,에프에스티,36810
487,엑스큐어,70300
488,엔시트론,101400
489,엔에이치스팩12호,273060
490,엔에이치스팩14호,319400
491,엔지켐생명과학,183490
492,연우,115960
493,영신금속,7530
494,예림당,36000
495,오르비텍,46120
496,오성첨단소재,52420
497,오션브릿지,241790
498,우리손에프앤지,73560
499,우수AMS,66590
500,원일특강,12620
501,위더스제약,330350
502,윈하이텍,192390
503,윌링스,313760
504,유니테스트,86390
505,유안타제6호스팩,340360
506,육일씨엔에쓰,191410
507,이글루시큐리티,67920
508,이글벳,44960
509,이녹스,88390
510,이랜시스,264850
511,이베스트스팩5호,349720
512,이에스에이,52190
513,이엠앤아이,83470
514,이엠텍,91120
515,이즈미디어,181340
516,이지케어텍,99750
517,인선이엔티,60150
518,인포마크,175140
519,인포바인,115310
520,인포뱅크,39290
521,잉크테크,49550
522,전진바이오팜,110020
523,정다운,208140
524,제이스텍,90470
525,제일바이오,52670
526,젬백스지오,41590
527,줌인터넷,239340
528,지니뮤직,43610
529,지니언스,263860
530,지란지교시큐리티,208350
531,지스마트글로벌,114570
532,참좋은여행,94850
533,천보,278280
534,케이비제19호스팩,330990
535,케이씨피드,25880
536,케이엔더블유,105330
537,코너스톤네트웍스,33110
538,코데즈컴바인,47770
539,코메론,49430
540,코미팜,41960
541,코아시아,45970
542,코오롱생명과학,102940
543,코웰패션,33290
544,코위버,56360
545,콜마비앤에이치,200130
546,큐브엔터,182360
547,크로바하이텍,43590
548,클리오,237880
549,키움제5호스팩,311270
550,테고사이언스,191420
551,테라사이언스,73640
552,테스나,131970
553,티에스아이,277880
554,파루,43200
555,파멥신,208340
556,파수,150900
557,파워로직스,47310
558,파인디지털,38950
559,팬엔터테인먼트,68050
560,펌텍코리아,251970
561,풍강,93380
562,플레이디,237820
563,피에스텍,2230
564,하나마이크론,67310
565,한국경제TV,39340
566,한국바이오젠,318000
567,한국비엔씨,256840
568,한국아트라스비엑스,23890
569,한국알콜,17890
570,한국정보인증,53300
571,한국정보통신,25770
572,한국팩키지,37230
573,한글과컴퓨터,30520
574,한일단조,24740
575,한컴위드,54920
576,한탑,2680
577,해마로푸드서비스,220630
578,현진소재,53660
579,휴네시온,290270
580,휴맥스홀딩스,28080
581,흥국에프엔비,189980
582,KC산업,112190
583,SGA임베디드,224880
584,구스앤홈,329050
585,노드메이슨,317860
586,노브메타파마,229500
587,대주이엔티,114920
588,듀켐바이오,176750
589,디피코,163430
590,래몽래인,200350
591,로보쓰리,238500
592,미애부,225850
593,바이오시네틱스,281310
594,바이오인프라생명과학,266470
595,바이옵트로,222160
596,비플라이소프트,148780
597,썬테크,217320
598,앙츠,267810
599,에이치엔에스하이텍,44990
600,오션스톤,329020
601,이노벡스,279060
602,테크엔,308700
603,테크트랜스,258050
604,티케이씨,191600
605,틸론,217880
606,휴럼,284420
607,AJ네트웍스,95570
608,CJ,1040
609,CJ제일제당,97950
610,DRB동일,4840
611,HDC아이콘트롤스,39570
612,KPX케미칼,25000
613,KTis,58860
614,LG상사,1120
615,MH에탄올,23150
616,SBS,34120
617,SBS미디어홀딩스,101060
618,SK텔레콤,17670
619,강원랜드,35250
620,교보증권,30610
621,금양,1570
622,금호에이치티,214330
623,남해화학,25860
624,넥센타이어,2350
625,녹십자홀딩스,5250
626,농심홀딩스,72710
627,다스코,58730
628,대림건설,1880
629,대웅제약,69620
630,대한유화,6650
631,더존비즈온,12510
632,덕성,4830
633,동방아그로,7590
634,동서,26960
635,동성코퍼레이션,102260
636,동양,1520
637,동양생명,82640
638,동원산업,6040
639,두산퓨얼셀,336260
640,드림텍,192650
641,디아이,3160
642,디와이,13570
643,디피씨,26890
644,롯데정밀화학,4000
645,롯데정보통신,286940
646,맥쿼리인프라,88980
647,메타랩스,90370
648,명문제약,17180
649,모토닉,9680
650,미원화학,134380
651,범양건영,2410
652,베트남개발1,96300
653,빙그레,5180
654,삼성에스디에스,18260
655,삼성중공업,10140
656,삼성증권,16360
657,삼성카드,29780
658,삼양통상,2170
659,삼영무역,2810
660,삼정펄프,9770
661,샘표식품,248170
662,서연이화,200880
663,성보화학,3080
664,세아제강,306200
665,센트랄모텍,308170
666,송원산업,4430
667,신성이엔지,11930
668,신세계인터내셔날,31430
669,신세계푸드,31440
670,신화실업,1770
671,쌍용자동차,3620
672,아세아시멘트,183190
673,애경산업,18250
674,엔에이치엔,181710
675,유니켐,11330
676,유화증권,3460
677,이구산업,25820
678,이월드,84680
679,이지스밸류플러스리츠,334890
680,일성신약,3120
681,제이에스코퍼레이션,194370
682,조비,1550
683,조선선재,120030
684,종근당바이오,63160
685,진양화학,51630
686,청호컴넷,12600
687,케이탑리츠,145270
688,코스모신소재,5070
689,코웨이,21240
690,쿠쿠홈시스,284740
691,키위미디어그룹,12170
692,태평양물산,7980
693,테이팩스,55490
694,텔코웨어,78000
695,팜스코,36580
696,퍼시스,16800
697,포스코케미칼,3670
698,풍산홀딩스,5810
699,하이스틸,71090
700,한국석유공업,4090
701,한국수출포장공업,2200
702,한국자산신탁,123890
703,한국주강,25890
704,한국콜마홀딩스,24720
705,한샘,9240
706,한솔홀딩스,4150
707,한신기계공업,11700
708,한화에어로스페이스,12450
709,현대자동차,5380
710,효성 ITX,94280
711,휴니드테크놀러지스,5870
712,DB금융스팩7호,322780
713,IBKS제10호스팩,299170
714,JTC,950170
715,KCC건설,21320
716,KCI,36670
717,KG ETS,151860
718,KMH,122450
719,NEW,160550
720,SBI핀테크솔루션즈,950110
721,SGA솔루션즈,184230
722,SM Life Design,63440
723,W홀딩컴퍼니,52300
724,교보9호스팩,331520
725,나노신소재,121600
726,나인테크,267320
727,넥슨지티,41140
728,노터스,278650
729,녹원씨엔아이,65560
730,누리플랜,69140
731,뉴프라이드,900100
732,다산네트웍스,39560
733,다원시스,68240
734,대원산업,5710
735,대유,290380
736,덕신하우징,90410
737,데일리블록체인,139050
738,덴티스,261200
739,동일기연,32960
740,듀오백,73190
741,드림씨아이에스,223250
742,디지아이,43360
743,디지털대성,68930
744,디티앤씨,187220
745,램테크놀러지,171010
746,레고켐바이오,141080
747,레드로버,60300
748,로고스바이오,238120
749,로보스타,90360
750,리드코프,12700
751,마크로밀엠브레인,169330
752,메디포스트,78160
753,바이오니아,64550
754,베뉴지,19010
755,베셀,177350
756,보라티알,250000
757,부방,14470
758,브리지텍,64480
759,비디아이,148140
760,삼진엘앤디,54090
761,삼천리자전거,24950
762,삼현철강,17480
763,상아프론테크,89980
764,서산,79650
765,서진오토모티브,122690
766,세운메디칼,100700
767,세종텔레콤,36630
768,소프트캠프,258790
769,솔고바이오,43100
770,솔본,35610
771,수산아이앤티,50960
772,슈피겐코리아,192440
773,스맥,99440
774,시공테크,20710
775,시그네틱스,33170
776,신도기연,290520
777,신테카바이오,226330
778,신한제5호스팩,323230
779,실리콘웍스,108320
780,쎄노텍,222420
781,쎄미시스코,136510
782,쎄트렉아이,99320
783,씨엠에스에듀,225330
784,씨큐브,101240
785,아리온,58220
786,아비코전자,36010
787,아이엠이연이,90740
788,아진산업,13310
789,아프리카TV,67160
790,알티캐스트,85810
791,애니젠,196300
792,액션스퀘어,205500
793,앤디포스,238090
794,에스앤더블류,103230
795,에스에프에이,56190
796,에스트래픽,234300
797,에스퓨얼셀,288620
798,에이디칩스,54630
799,에이비엘바이오,298380
800,에이스침대,3800
801,에이스토리,241840
802,에이치시티,72990
803,에이텍티앤,224110
804,엑세스바이오,950130
805,엑셈,205100
806,엔브이에이치코리아,67570
807,엔케이맥스,182400
808,엔터메이트,206400
809,엔텔스,69410
810,엘디티,96870
811,엘아이에스,138690
812,엘컴텍,37950
813,예스티,122640
814,오스테오닉,226400
815,오텍,67170
816,원익머트리얼즈,104830
817,원익홀딩스,30530
818,원풍,8370
819,웰크론한텍,76080
820,웹젠,69080
821,위닉스,44340
822,위메이드,112040
823,유비벨록스,89850
824,유비쿼스,264450
825,유안타제4호스팩,313750
826,유진테크,84370
827,이건홀딩스,39020
828,이노와이어리스,73490
829,이녹스첨단소재,272290
830,이랜텍,54210
831,이미지스,115610
832,이수앱지스,86890
833,인성정보,33230
834,인탑스,49070
835,인터파크,35080
836,재영솔루텍,49630
837,제낙스,65620
838,제이티,89790
839,지티지웰니스,219750
840,진바이오텍,86060
841,진성티이씨,36890
842,카이노스메드,284620
843,캐리소프트,317530
844,캔서롭,180400
845,캠시스,50110
846,케이비제18호스팩,323940
847,케이피에프,24880
848,코나아이,52400
849,코드네이처,78940
850,코디엠,224060
851,코리아에셋투자증권,190650
852,코미코,183300
853,코썬바이오,204990
854,코이즈,121850
855,키이스트,54780
856,탑엔지니어링,65130
857,태웅로직스,124560
858,텔콘RF제약,200230
859,토비스,51360
860,티라유텍,322180
861,티씨케이,64760
862,파라다이스,34230
863,파버나인,177830
864,파워넷,37030
865,팍스넷,38160
866,프로텍,53610
867,피에스케이,319660
868,픽셀플러스,87600
869,필옵틱스,161580
870,하나금융14호스팩,332710
871,하나금융16호스팩,343510
872,한국제7호스팩,291210
873,한국캐피탈,23760
874,한일네트웍스,46110
875,헬릭스미스,84990
876,휴온스글로벌,84110
877,희림,37440
878,단디바이오,343090
879,도부마스크,227420
880,럭스피아,92590
881,무진메디,322970
882,바이오프로테크,199290
883,씨앤에스링크,245450
884,엄지하우스,224810
885,에스앤디,260970
886,에스제이켐,217910
887,엠에프엠코리아,251960
888,유엑스엔,337840
889,이십일스토어,270020
890,이엠티,232530
891,태양기계,116100
892,피엔아이컴퍼니,242350
893,한중엔시에스,107640
894,DSR제강,69730
895,JW중외제약,1060
896,KPX홀딩스,92230
897,KSS해운,44450
898,LF,93050
899,LG하우시스,108670
900,LG화학,51910
901,LIG넥스원,79550
902,LS,6260
903,NAVER,35420
904,NH투자증권,5940
905,NICE,34310
906,NI스틸,8260
907,SH에너지화학,2360
908,SK증권,1510
909,SK하이닉스,660
910,경인양행,12610
911,경인전자,9140
912,기신정기,92440
913,녹십자,6280
914,대교,19680
915,대동전자,8110
916,대림비앤코,5750
917,대양금속,9190
918,대창,12800
919,동국제강,1230
920,동화약품,20
921,두산솔루스,336370
922,디아이동일,1530
923,디아이씨,92200
924,롯데관광개발,32350
925,롯데케미칼,11170
926,맵스리얼티1,94800
927,무학,33920
928,미래아이앤지,7120
929,바다로19호,155900
930,부산주공,5030
931,비케이탑스,30790
932,비티원,101140
933,사조씨푸드,14710
934,삼성물산,28260
935,삼성전자,5930
936,삼성제약,1360
937,삼원강재,23000
938,삼익THK,4380
939,삼일제약,520
940,삼진제약,5500
941,삼화왕관,4450
942,서연,7860
943,선창산업,2820
944,성신양회,4980
945,세기상사,2420
946,세아특수강,19440
947,세우글로벌,13000
948,세원정공,21820
949,세진중공업,75580
950,세화아이엠씨,145210
951,셀트리온,68270
952,신라교역,4970
953,신성통상,5390
954,신세계,4170
955,신풍제약,19170
956,아모레퍼시픽,90430
957,아세아,2030
958,아이에스동서,10780
959,에스제이엠,123700
960,에이리츠,140910
961,에이엔피,15260
962,엔케이,85310
963,엔피씨,4250
964,영원무역홀딩스,9970
965,우리들휴브레인,118000
966,우신시스템,17370
967,우진,105840
968,우진플라임,49800
969,유니드,14830
970,유진증권,1200
971,이건산업,8250
972,이연제약,102460
973,인스코비,6490
974,잇츠한불,226320
975,조광페인트,4910
976,조선내화,480
977,지누스,13890
978,진에어,272450
979,참엔지니어링,9310
980,케이씨씨,2380
981,케이씨씨글라스,344820
982,코리아오토글라스,152330
983,코오롱글로벌,3070
984,태경케미컬,6890
985,태광산업,3240
986,토니모리,214420
987,페이퍼코리아,1020
988,포스코,5490
989,하나제약,293480
990,한국쉘석유,2960
991,한국화장품제조,3350
992,한미글로벌,53690
993,한솔피엔에스,10420
994,한양증권,1750
995,한진중공업,97230
996,한진중공업홀딩스,3480
997,한진칼,180640
998,한화,880
999,한화솔루션,9830
1000,현대일렉트릭,267260
1001,현대제철,4020
1002,황금에스티,32560
1003,DSC인베스트먼트,241520
1004,NHN벅스,104200
1005,SDN,99220
1006,SK4호스팩,307070
1007,SKC 솔믹스,57500
1008,SK머티리얼즈,36490
1009,UCI,38340
1010,WI,73570
1011,가비아,79940
1012,경남스틸,39240
1013,국일신동,60480
1014,글로벌텍스프리,204620
1015,글로본,19660
1016,나노,187790
1017,네오셈,253590
1018,네오위즈홀딩스,42420
1019,네이블커뮤니케이션즈,153460
1020,넥스트BT,65170
1021,대성미생물,36480
1022,대신밸런스제7호스팩,332290
1023,대양전기공업,108380
1024,대원,7680
1025,대한뉴팜,54670
1026,덕산테코피아,317330
1027,덕산하이메탈,77360
1028,동국산업,5160
1029,동국제약,86450
1030,동신건설,25950
1031,동진쎄미켐,5290
1032,디바이스이엔지,187870
1033,디알젬,263690
1034,디에스티,33430
1035,라이브파이낸셜,36170
1036,라이온켐텍,171120
1037,레이크머티리얼즈,281740
1038,로지시스,67730
1039,링네트,42500
1040,마이크로프랜드,147760
1041,메가스터디교육,215200
1042,모헨즈,6920
1043,민앤지,214180
1044,바이온,32980
1045,비에이치아이,83650
1046,새로닉스,42600
1047,서연탑메탈,19770
1048,서울반도체,46890
1049,서울전자통신,27040
1050,서원인텍,93920
1051,선데이토즈,123420
1052,성호전자,43260
1053,세원,234100
1054,셀트리온제약,68760
1055,슈프리마에이치큐,94840
1056,스타플렉스,115570
1057,스튜디오드래곤,253450
1058,시노펙스,25320
1059,신원종합개발,17000
1060,신일제약,12790
1061,신흥에스이씨,243840
1062,씨앤지하이테크,264660
1063,씨티씨바이오,60590
1064,아세아텍,50860
1065,아스타,246720
1066,아시아종묘,154030
1067,아우딘퓨쳐스,227610
1068,아이엘사이언스,307180
1069,아이진,185490
1070,아이큐어,175250
1071,아이크래프트,52460
1072,안트로젠,65660
1073,알에스오토메이션,140670
1074,액트,131400
1075,에스디생명공학,217480
1076,에스모 머티리얼즈,87730
1077,에스씨엠생명과학,298060
1078,에스앤씨엔진그룹,900080
1079,에스텍파마,41910
1080,에이스테크,88800
1081,에이씨티,138360
1082,에이치엔티,176440
1083,에이치엘사이언스,239610
1084,에이치엠씨제4호스팩,353070
1085,에이티세미콘,89530
1086,에이팩트,200470
1087,에이프로젠 H&G,109960
1088,에코플라스틱,38110
1089,엑사이엔씨,54940
1090,엔에스,217820
1091,엔에스엔,31860
1092,엔피디,198080
1093,엘오티베큠,83310
1094,엠투아이,347890
1095,엠플러스,259630
1096,예스24,53280
1097,오가닉티코스메틱,900300
1098,옵트론텍,82210
1099,옵티팜,153710
1100,와이솔,122990
1101,와이아이케이,232140
1102,우노앤컴퍼니,114630
1103,우리산업홀딩스,72470
1104,우림기계,101170
1105,우양,103840
1106,원익,32940
1107,유라테크,48430
1108,유성티엔에스,24800
1109,유에스티,263770
1110,이노인스트루먼트,215790
1111,이루온,65440
1112,이엘피,63760
1113,이지홀딩스,35810
1114,이트론,96040
1115,인터플렉스,51370
1116,일야,58450
1117,잉글우드랩,950140
1118,전파기지국,65530
1119,제너셈,217190
1120,제넨바이오,72520
1121,제노레이,122310
1122,제로투세븐,159580
1123,제룡전기,33100
1124,제이씨현시스템,33320
1125,조광ILI,44060
1126,초록뱀,47820
1127,칩스앤미디어,94360
1128,컴퍼니케이,307930
1129,케이사인,192250
1130,케이씨에스,115500
1131,케이아이엔엑스,93320
1132,켐온,217600
1133,코맥스,36690
1134,코세스,89890
1135,코스메카코리아,241710
1136,코엔텍,29960
1137,코텍,52330
1138,큐캐피탈,16600
1139,크리스탈신소재,900250
1140,타이거일렉,219130
1141,태웅,44490
1142,티로보틱스,117730
1143,파마리서치프로덕트,214450
1144,파인디앤씨,49120
1145,파인텍,131760
1146,펩트론,87010
1147,포스링크,56730
1148,풍국주정,23900
1149,퓨쳐켐,220100
1150,피씨디렉트,51380
1151,피에스케이홀딩스,31980
1152,하이로닉,149980
1153,하이소닉,106080
1154,한국유니온제약,80720
1155,한국전자금융,63570
1156,한국컴퓨터,54040
1157,한국테크놀로지,53590
1158,한일사료,5860
1159,헝셩그룹,900270
1160,현대바이오,48410
1161,효성오앤비,97870
1162,휴온스,243070
1163,휴젤,145020
1164,나라소프트,288490
1165,메디쎄이,200580
1166,빅텐츠,210120
1167,씨알푸드,236030
1168,씨이랩,189330
1169,아퓨어스,149300
1170,엘에이티,311060
1171,위월드,140660
1172,유비온,84440
1173,지오씨,135160
1174,크로넥스,215570
1175,피노텍,150440
1176,AK홀딩스,6840
1177,CJ씨푸드,11150
1178,DB금융투자,16610
1179,DGB금융지주,139130
1180,E1,17940
1181,F&F,7700
1182,KC코트렐,119650
1183,KEC,92220
1184,KISCO홀딩스,1940
1185,LG,3550
1186,LG디스플레이,34220
1187,LS전선아시아,229640
1188,NH프라임리츠,338100
1189,S&T중공업,3570
1190,S&T홀딩스,36530
1191,S-Oil,10950
1192,SK네트웍스,1740
1193,경동인베스트,12320
1194,계룡건설산업,13580
1195,고려제강,2240
1196,국동,5320
1197,남양유업,3920
1198,노루페인트,90350
1199,대상,1680
1200,대성홀딩스,16710
1201,대우조선해양,42660
1202,대호에이엘,69460
1203,덴티움,145720
1204,동원F&B,49770
1205,두산중공업,34020
1206,롯데제과,280360
1207,만호제강,1080
1208,모나미,5360
1209,문배철강,8420
1210,미창석유공업,3650
1211,백광산업,1340
1212,벽산,7210
1213,부광약품,3000
1214,부국철강,26940
1215,부산도시가스,15350
1216,비상교육,100220
1217,사조산업,7160
1218,삼성공조,6660
1219,삼성생명,32830
1220,삼성전기,9150
1221,삼양사,145990
1222,삼양패키징,272550
1223,삼화전기,9470
1224,샘표,7540
1225,서흥,8490
1226,세하,27970
1227,수산중공업,17550
1228,신세계I&C,35510
1229,신세계건설,34300
1230,신영와코루,5800
1231,신영증권,1720
1232,신원,9270
1233,신풍제지,2870
1234,아주캐피탈,33660
1235,에스엘,5850
1236,에이프로젠 KIC,7460
1237,엘브이엠씨,900140
1238,엘에스일렉트릭,10120
1239,오리온,271560
1240,우리금융지주,316140
1241,우성사료,6980
1242,웰바이오텍,10600
1243,유안타증권,3470
1244,일진머티리얼즈,20150
1245,일진전기,103590
1246,조광피혁,4700
1247,조일알미늄,18470
1248,진흥기업,2780
1249,카카오,35720
1250,케이씨티시,9070
1251,케이티,30200
1252,코리안리,3690
1253,코스맥스비티아이,44820
1254,크라운제과,264900
1255,크라운해태홀딩스,5740
1256,태림포장,11280
1257,태원물산,1420
1258,티에이치엔,19180
1259,팬오션,28670
1260,평화산업,90080
1261,하나투어,39130
1262,하이골드12호,172580
1263,한국프랜지공업,10100
1264,한독,2390
1265,한세엠케이,69640
1266,한솔제지,213500
1267,한솔케미칼,14680
1268,한솔테크닉스,4710
1269,한온시스템,18880
1270,한진,2320
1271,해성디에스,195870
1272,현대리바트,79430
1273,현대해상,1450
1274,혜인,3010
1275,화성산업,2460
1276,휴비스,79980
1277,CNH,23460
1278,DMS,68790
1279,IBKS제11호스팩,335890
1280,IBKS제14호스팩,351320
1281,KBI메탈,24840
1282,KMH하이텍,52900
1283,KNN,58400
1284,KPX생명과학,114450
1285,KTH,36030
1286,KT서브마린,60370
1287,OQP,78590
1288,SBS콘텐츠허브,46140
1289,SG&G,40610
1290,SGA,49470
1291,SNK,950180
1292,SV인베스트먼트,289080
1293,TPC,48770
1294,TS인베스트먼트,246690
1295,YBM넷,57030
1296,iMBC,52220
1297,가온미디어,78890
1298,경동제약,11040
1299,고영,98460
1300,골드퍼시픽,38530
1301,골든센츄리,900280
1302,광진윈텍,90150
1303,구영테크,53270
1304,국보디자인,66620
1305,글로스퍼랩스,32860
1306,나이스정보통신,36800
1307,남화산업,111710
1308,네스엠,56000
1309,네오오토,212560
1310,네오위즈,95660
1311,네오크레마,311390
1312,넷게임즈,225570
1313,노랑풍선,104620
1314,노바텍,285490
1315,뉴보텍,60260
1316,다날,64260
1317,다우데이타,32190
1318,대원미디어,48910
1319,대한과학,131220
1320,대호피앤씨,21040
1321,대화제약,67080
1322,동아화성,41930
1323,동양파일,228340
1324,디앤씨미디어,263720
1325,디이엔티,79810
1326,라닉스,317120
1327,라온피플,300120
1328,랩지노믹스,84650
1329,로스웰,900260
1330,리더스코스메틱,16100
1331,리메드,302550
1332,린드먼아시아,277070
1333,마니커에프앤지,195500
1334,매직마이크로,127160
1335,메가엠디,133750
1336,메드팩토,235980
1337,메카로,241770
1338,모베이스,101330
1339,모아텍,33200
1340,미래에셋대우스팩4호,333430
1341,바른손이앤에이,35620
1342,바이오스마트,38460
1343,바텍,43150
1344,보광산업,225530
1345,본느,226340
1346,브릿지바이오,288330
1347,블러썸엠앤씨,263920
1348,비엠티,86670
1349,비츠로셀,82920
1350,비츠로시스,54220
1351,삼기오토모티브,122350
1352,삼보모터스,53700
1353,삼영엠텍,54540
1354,삼천당제약,250
1355,샘코,263540
1356,서울옥션,63170
1357,서한,11370
1358,성도이엔지,37350
1359,성우전자,81580
1360,세원물산,24830
1361,셀리버리,268600
1362,스카이문스테크놀로지,33790
1363,시너지이노베이션,48870
1364,신성델타테크,65350
1365,신화인터텍,56700
1366,씨젠,96530
1367,아이컴포넌트,59100
1368,아즈텍WB,32080
1369,안랩,53800
1370,알서포트,131370
1371,애니플러스,310200
1372,어보브반도체,102120
1373,에너토크,19990
1374,에버다임,41440
1375,에스넷,38680
1376,에스디시스템,121890
1377,에스앤에스텍,101490
1378,에스에이엠티,31330
1379,에스와이,109610
1380,에스티큐브,52020
1381,에스피지,58610
1382,에이비프로바이오,195990
1383,에이피티씨,89970
1384,에코마케팅,230360
1385,에코바이오,38870
1386,에코캡,128540
1387,에프앤리퍼블릭,64090
1388,에프엔에스테크,83500
1389,엔바이오니아,317870
1390,엔에이치스팩13호,310840
1391,엔에이치스팩15,339950
1392,엘엠에스,73110
1393,엠아이텍,179290
1394,엠에스오토텍,123040
1395,엠케이전자,33160
1396,오스템임플란트,48260
1397,오이솔루션,138080
1398,올리패스,244460
1399,와이엠씨,155650
1400,와이엠티,251370
1401,와이제이엠게임즈,193250
1402,우리넷,115440
1403,우리조명,37400
1404,원익IPS,240810
1405,위세아이텍,65370
1406,유니슨,18000
1407,유니크,11320
1408,유아이디,69330
1409,유아이엘,49520
1410,이상네트웍스,80010
1411,이엠코리아,95190
1412,이큐셀,160600
1413,이퓨쳐,134060
1414,이화공영,1840
1415,인텔리안테크,189300
1416,인피니트헬스케어,71200
1417,일신바이오,68330
1418,장원테크,174880
1419,정원엔시스,45510
1420,제이씨케미칼,137950
1421,제이앤티씨,204270
1422,제이엘케이,322510
1423,젬백스링크,64800
1424,좋은사람들,33340
1425,중앙백신,72020
1426,지어소프트,51160
1427,지엔원에너지,270520
1428,지트리비앤티,115450
1429,청보산업,13720
1430,카스,16920
1431,카페24,42000
1432,케이비17호스팩,317030
1433,케이에스피,73010
1434,코리아센터,290510
1435,큐리언트,115180
1436,크린앤사이언스,45520
1437,테라셈,182690
1438,토박스코리아,215480
1439,티케이케미칼,104480
1440,팅크웨어,84730
1441,파라텍,33540
1442,파티게임즈,194510
1443,팜스토리,27710
1444,푸드나무,290720
1445,푸른저축은행,7330
1446,프리엠스,53160
1447,플랜티넷,75130
1448,피엔티,137400
1449,피제이메탈,128660
1450,하나머티리얼즈,166090
1451,한국선재,25550
1452,한국전자인증,41460
1453,한국큐빅,21650
1454,한독크린텍,256150
1455,한화플러스제1호스팩,340440
1456,현대사료,16790
1457,현우산업,92300
1458,형지I&C,11080
1459,홈캐스트,64240
1460,화이브라더스코리아,204630
1461,휴메딕스,200670
1462,흥구석유,24060
1463,골프존데카,183410
1464,네추럴FNP,86220
1465,데이터스트림즈,199150
1466,비나텍,126340
1467,비엔디생활건강,215050
1468,비엔에프코퍼레이션,271780
1469,씨앗,103660
1470,아이케이세미콘,149010
1471,애드바이오텍,179530
1472,에스에이티이엔지,158300
1473,에스엘에스바이오,246250
1474,엔지브이아이,93510
1475,엠앤씨생명과학,225860
1476,이앤에치,341310
1477,이에스산업,241510
1478,제노텍,66830
1479,청광건설,140290
1480,파인이엠텍,278990
1481,판도라티비,202960
1482,펨토바이오메드,327610
1483,프로테옴텍,303360
1484,CS홀딩스,590
1485,DB,12030
1486,DB손해보험,5830
1487,GS리테일,7070
1488,HDC,12630
1489,JW생명과학,234080
1490,KC그린홀딩스,9440
1491,KR모터스,40
1492,LG유플러스,32640
1493,SPC삼립,5610
1494,경농,2100
1495,경동도시가스,267290
1496,경방,50
1497,광동제약,9290
1498,광주신세계,37710
1499,국도화학,7690
1500,금비,8870
1501,금호타이어,73240
1502,남영비비안,2070
1503,대림산업,210
1504,대림통상,6570
1505,대신증권,3540
1506,대웅,3090
1507,대원강업,430
1508,대원전선,6340
1509,대원화성,24890
1510,대유에이텍,2880
1511,더블유게임즈,192080
1512,동부건설,5960
1513,동성제약,2210
1514,동양고속,84670
1515,동양철관,8970
1516,동원수산,30720
1517,롯데쇼핑,23530
1518,롯데지주,4990
1519,메리츠화재,60
1520,미원에스씨,268280
1521,부산산업,11390
1522,삼광글라스,5090
1523,삼성엔지니어링,28050
1524,삼익악기,2450
1525,삼천리,4690
1526,서울식품공업,4410
1527,성창기업지주,180
1528,세종공업,33530
1529,시디즈,134790
1530,신도리코,29530
1531,씨아이테크,4920
1532,아모레퍼시픽그룹,2790
1533,아시아나IDT,267850
1534,아시아나항공,20560
1535,알루코,1780
1536,에스제이엠홀딩스,25530
1537,엔에스쇼핑,138250
1538,오뚜기,7310
1539,유성기업,2920
1540,유양디앤유,11690
1541,이리츠코크렙,88260
1542,이수페타시스,7660
1543,이아이디,93230
1544,인디에프,14990
1545,일동홀딩스,230
1546,일진홀딩스,15860
1547,자이에스앤디,317400
1548,자화전자,33240
1549,전방,950
1550,제이준코스메틱,25620
1551,제이콘텐트리,36420
1552,제일기획,30000
1553,지투알,35000
1554,진양폴리우레탄,10640
1555,콤텍시스템,31820
1556,태경비케이,14580
1557,티웨이항공,91810
1558,퍼스텍,10820
1559,포스코인터내셔널,47050
1560,하이골드3호,153360
1561,한국ANKOR유전,152550
1562,한국내화,10040
1563,한국주철관공업,970
1564,한국콜마,161890
1565,한국화장품,123690
1566,한라,14790
1567,한미반도체,42700
1568,한섬,20000
1569,한세실업,105630
1570,한솔홈데코,25750
1571,한올바이오파마,9420
1572,한화손해보험,370
1573,핸즈코퍼레이션,143210
1574,현대오토에버,307950
1575,화승엔터프라이즈,241590
1576,화인베스틸,133820
1577,화천기계,10660
1578,효성중공업,298040
1579,효성첨단소재,298050
1580,후성,93370
1581,휠라홀딩스,81660
1582,휴스틸,5010
1583,3S,60310
1584,EMW,79190
1585,JYP Ent.,35900
1586,RFHIC,218410
1587,SK바이오랜드,52260
1588,강원,114190
1589,경남제약,53950
1590,고려신용정보,49720
1591,광진실업,26910
1592,그린플러스,186230
1593,기산텔레콤,35460
1594,나무기술,242040
1595,나이스디앤비,130580
1596,네패스,33640
1597,대동금속,20400
1598,대림제지,17650
1599,대신밸런스제6호스팩,307750
1600,대신정보통신,20180
1601,더블유에프엠,35290
1602,동국알앤에스,75970
1603,동우팜투테이블,88910
1604,동운아나텍,94170
1605,디아이티,110990
1606,디에이치피코리아,131030
1607,디케이락,105740
1608,디케이티,290550
1609,라온시큐어,42510
1610,라파스,214260
1611,리노스,39980
1612,리더스 기술투자,19570
1613,마이크로컨텍솔,98120
1614,메가스터디,72870
1615,메지온,140410
1616,명성티엔에스,257370
1617,모다이노칩,80420
1618,모베이스전자,12860
1619,미디어젠,279600
1620,미래나노텍,95500
1621,미래테크놀로지,213090
1622,바이오리더스,142760
1623,바이오빌,65940
1624,뷰웍스,100120
1625,브레인콘텐츠,66980
1626,블루콤,33560
1627,비에이치,90460
1628,비츠로테크,42370
1629,비피도,238200
1630,빅텍,65450
1631,삼보산업,9620
1632,삼성머스트스팩3호,309930
1633,삼표시멘트,38500
1634,상상인이안1호스팩,307870
1635,서부T&D,6730
1636,선광,3100
1637,세진티에스,67770
1638,세화피앤씨,252500
1639,셀리드,299660
1640,소리바다,53110
1641,수젠텍,253840
1642,스킨앤스킨,159910
1643,신라섬유,1000
1644,신화콘텍,187270
1645,쎄니트,37760
1646,씨씨에스,66790
1647,씨엔플러스,115530
1648,아시아경제,127710
1649,아이디스홀딩스,54800
1650,아이쓰리시스템,214430
1651,아주IB투자,27360
1652,안국약품,1540
1653,알톤스포츠,123750
1654,알파홀딩스,117670
1655,압타바이오,293780
1656,야스,255440
1657,에스맥,97780
1658,에스모,73070
1659,에스에너지,95910
1660,에스에이티,60540
1661,에스엔유,80000
1662,에스엠코어,7820
1663,에스티오,98660
1664,에이에프더블류,312610
1665,에이테크솔루션,71670
1666,에코마이스터,64510
1667,에프엔씨엔터,173940
1668,엘비세미콘,61970
1669,엘이티,297890
1670,엠에스씨,9780
1671,엠젠플러스,32790
1672,오디텍,80520
1673,오로라,39830
1674,오킨스전자,80580
1675,와이엔텍,67900
1676,와이오엠,66430
1677,와이지엔터테인먼트,122870
1678,우주일렉트로,65680
1679,우진비앤지,18620
1680,웹케시,53580
1681,위니아딤채,71460
1682,위지윅스튜디오,299900
1683,윈스,136540
1684,유앤아이,56090
1685,유틸렉스,263050
1686,이그잭스,60230
1687,이니텍,53350
1688,이더블유케이,258610
1689,이테크건설,16250
1690,인바디,41830
1691,인산가,277410
1692,인지디스플레,37330
1693,인콘,83640
1694,인크로스,216050
1695,인터엠,17250
1696,일지테크,19540
1697,자안,221610
1698,제이엠아이,33050
1699,조이맥스,101730
1700,지노믹트리,228760
1701,지니틱스,303030
1702,진로발효,18120
1703,체리부로,66360
1704,컴투스,78340
1705,케이디켐,221980
1706,케이씨티,89150
1707,케이피에스,256940
1708,코디,80530
1709,코리아에스이,101670
1710,코스나인,82660
1711,코아스템,166480
1712,큐렉소,60280
1713,큐로컴,40350
1714,큐브앤컴퍼니,43090
1715,크리스탈,83790
1716,태양,53620
1717,테라젠이텍스,66700
1718,테크윙,89030
1719,티엘아이,62860
1720,티움바이오,321550
1721,파인테크닉스,106240
1722,팜스빌,318010
1723,팬스타엔터프라이즈,54300
1724,펄어비스,263750
1725,평화정공,43370
1726,포메탈,119500
1727,포스코 ICT,22100
1728,플레이위드,23770
1729,피씨엘,241820
1730,피피아이,62970
1731,하나금융13호스팩,320000
1732,하이제4호스팩,317240
1733,한국제8호스팩,310870
1734,한류AI센터,222810
1735,한류타임즈,39670
1736,한솔인티큐브,70590
1737,한스바이오메드,42520
1738,한창산업,79170
1739,한컴MDS,86960
1740,한화에스비아이스팩,317320
1741,현대공업,170030
1742,화신정공,126640
1743,휴마시스,205470
1744,휴비츠,65510
1745,흥국,10240
1746,굿센,243870
1747,라온테크,232680
1748,라이프사이언스테크놀로지,285770
1749,메디안디노스틱,233250
1750,명진홀딩스,267060
1751,수프로,185190
1752,시큐센,232830
1753,에브리봇,270660
1754,에스엠비나,299670
1755,에이원알폼,234070
1756,엠로,58970
1757,유니포인트,121060
1758,질경이,233990
1759,케어룸의료산업,327970
1760,탑선,180060
1761,BGF,27410
1762,BNK금융지주,138930
1763,DB하이텍,990
1764,HSD엔진,82740
1765,KG동부제철,16380
1766,KG케미칼,1390
1767,KTB투자증권,30210
1768,KTcs,58850
1769,LG생활건강,51900
1770,SG세계물산,4060
1771,SIMPAC,9160
1772,SK가스,18670
1773,SK디앤디,210980
1774,SK렌터카,68400
1775,STX엔진,77970
1776,STX중공업,71970
1777,TCC스틸,2710
1778,가온전선,500
1779,경보제약,214390
1780,계양전기,12200
1781,고려산업,2140
1782,광전자,17900
1783,국제약품,2720
1784,기아자동차,270
1785,넥센,5720
1786,넥스트사이언스,3580
1787,농심,4370
1788,다우기술,23590
1789,대림씨엔에스,4440
1790,대성산업,128820
1791,대유플러스,300
1792,대한전선,1440
1793,대한제분,1130
1794,대한항공,3490
1795,대한화섬,3830
1796,동남합성,23450
1797,동방,4140
1798,동아타이어,282690
1799,동양피스톤,92780
1800,동원시스템즈,14820
1801,두산밥캣,241560
1802,디와이파워,210540
1803,롯데리츠,330590
1804,메리츠금융지주,138040
1805,무림P&P,9580
1806,미원상사,2840
1807,방림,3610
1808,보령제약,3850
1809,사조오양,6090
1810,삼아알미늄,6110
1811,삼호개발,10960
1812,삼화전자공업,11230
1813,삼화페인트공업,390
1814,새론오토모티브,75180
1815,성문전자,14910
1816,세아베스틸,1430
1817,세아제강지주,3030
1818,쌍방울,102280
1819,쌍용양회공업,3410
1820,씨에스윈드,112610
1821,아남전자,8700
1822,아세아제지,2310
1823,애경유화,161000
1824,에쓰씨엔지니어링,23960
1825,에어부산,298690
1826,엔케이물산,9810
1827,영원무역,111770
1828,영흥,12160
1829,오리엔트바이오,2630
1830,오리온홀딩스,1800
1831,용평리조트,70960
1832,웅진,16880
1833,원림,5820
1834,유니퀘스트,77500
1835,이엔플러스,74610
1836,일동제약,249420
1837,일신석재,7110
1838,일양약품,7570
1839,주연테크,44380
1840,지코,10580
1841,진양산업,3780
1842,케이비아이동국실업,1620
1843,케이씨,29460
1844,케이티스카이라이프,53210
1845,코오롱,2020
1846,키움증권,39490
1847,티웨이홀딩스,4870
1848,파미셀,5690
1849,평화홀딩스,10770
1850,풀무원,17810
1851,하이트진로홀딩스,140
1852,한국단자공업,25540
1853,한국조선해양,9540
1854,한국카본,17960
1855,한농화성,11500
1856,한신공영,4960
1857,한익스프레스,14130
1858,한전기술,52690
1859,한화투자증권,3530
1860,현대글로비스,86280
1861,형지엘리트,93240
1862,화승알앤에이,13520
1863,효성티앤씨,298020
1864,GRT,900290
1865,GV,45890
1866,HB테크놀러지,78150
1867,IBKS제12호스팩,335870
1868,ISC,95340
1869,KD,44180
1870,KG이니시스,35600
1871,MP한강,219550
1872,NE능률,53290
1873,NHN한국사이버결제,60250
1874,SBI인베스트먼트,19550
1875,SG,255220
1876,고려제약,14570
1877,국일제지,78130
1878,금강철강,53260
1879,기가레인,49080
1880,나노스,151910
1881,나노캠텍,91970
1882,나라엠앤디,51490
1883,나우IB,293580
1884,내츄럴엔도텍,168330
1885,네오펙트,290660
1886,녹십자엠에스,142280
1887,녹십자웰빙,234690
1888,뉴로스,126870
1889,뉴지랩,214870
1890,대동기어,8830
1891,대륙제관,4780
1892,대모,317850
1893,대성엘텍,25440
1894,대성창투,27830
1895,대양제지,6580
1896,대정화금,120240
1897,대창스틸,140520
1898,덕우전자,263600
1899,동국S&C,100130
1900,동성화인텍,33500
1901,동양에스텍,60380
1902,동양이엔피,79960
1903,동일철강,23790
1904,드래곤플라이,30350
1905,디스플레이텍,66670
1906,디에스케이,109740
1907,디오스텍,196450
1908,디자인,227100
1909,디젠스,113810
1910,디케이디앤아이,33310
1911,러셀,217500
1912,레이,228670
1913,매일유업,267980
1914,맥스로텍,141070
1915,멀티캠퍼스,67280
1916,메디프론,65650
1917,모바일어플라이언스,87260
1918,미투온,201490
1919,바른손,18700
1920,바이오로그디바이스,208710
1921,바이오솔루션,86820
1922,바이오톡스텍,86040
1923,버추얼텍,36620
1924,베스파,299910
1925,빅솔론,93190
1926,삼목에스폼,18310
1927,삼성스팩2호,291230
1928,상상인,38540
1929,상신전자,263810
1930,서진시스템,178320
1931,서플러스글로벌,140070
1932,선익시스템,171090
1933,세틀뱅크,234340
1934,셀트리온헬스케어,91990
1935,소마젠,950200
1936,소프트센,32680
1937,쇼박스,86980
1938,스타모빌리티,158310
1939,시스웍,269620
1940,시큐브,131090
1941,신진에스엠,138070
1942,심텍홀딩스,36710
1943,쎌바이오텍,49960
1944,씨티케이코스메틱스,260930
1945,아모그린텍,125210
1946,아미노로직스,74430
1947,아이디스,143160
1948,아이앤씨,52860
1949,아이에스이커머스,69920
1950,아이엠,101390
1951,아이엠텍,226350
1952,아진엑스텍,59120
1953,아톤,158430
1954,알엔투테크놀로지,148250
1955,액토즈소프트,52790
1956,앤씨앤,92600
1957,에스엠,41510
1958,에스티아이,39440
1959,에이아이비트,39230
1960,에이치케이,44780
1961,에이텍,45660
1962,에코프로,86520
1963,엔지스테크널러지,208860
1964,오리엔탈정공,14940
1965,오리엔트정공,65500
1966,오리콤,10470
1967,오스템,31510
1968,우리기술,32820
1969,우리기술투자,41190
1970,우리로,46970
1971,우정바이오,215380
1972,월덱스,101160
1973,웹스,196700
1974,윙입푸드,900340
1975,유니셈,36200
1976,유니트론텍,142210
1977,유진기업,23410
1978,유진로봇,56080
1979,율호,72770
1980,이디티,215090
1981,이라이콤,41520
1982,이베스트투자증권,78020
1983,이스트아시아홀딩스,900110
1984,이엑스티,226360
1985,이엔에프테크놀로지,102710
1986,이원컴포텍,88290
1987,이크레더블,92130
1988,이화전기,24810
1989,인트론바이오,48530
1990,인프라웨어,41020
1991,일진파워,94820
1992,제노포커스,187420
1993,제룡산업,147830
1994,제이에스티나,26040
1995,젠큐릭스,229000
1996,조이시티,67000
1997,중앙에너비스,440
1998,지엘팜텍,204840
1999,진매트릭스,109820
2000,창해에탄올,4650
2001,청담러닝,96240
2002,컬러레이,900310
2003,케어랩스,263700
2004,케이알피앤이,60900
2005,케이엔제이,272110
2006,케이엠,83550
2007,케이엠제약,225430
2008,케이프,64820
2009,켐트로닉스,89010
2010,켐트로스,220260
2011,코닉글로리,94860
2012,코다코,46070
2013,코리아에프티,123410
2014,코센,9730
2015,큐로홀딩스,51780
2016,태광,23160
2017,티피씨글로벌,130740
2018,파크시스템스,140860
2019,파트론,91700
2020,팬젠,222110
2021,포스코엠텍,9520
2022,포인트엔지니어링,256630
2023,포티스,141020
2024,퓨쳐스트림네트웍스,214270
2025,피앤씨테크,237750
2026,피앤이솔루션,131390
2027,필로시스헬스케어,57880
2028,하나머스트제6호스팩,307160
2029,하림지주,3380
2030,하이제5호스팩,340120
2031,하이텍팜,106190
2032,한국가구,4590
2033,한국정밀기계,101680
2034,한빛소프트,47080
2035,한송네오텍,226440
2036,현대통신,39010
2037,화일약품,61250
2038,휘닉스소재,50090
2039,휴림로봇,90710
2040,다이노나,86080
2041,대동고려삼,178600
2042,더콘텐츠온,302920
2043,볼빅,206950
2044,뿌리깊은나무들,266170
2045,스템랩,258540
2046,아이피몬스터,223220
2047,안지오랩,251280
2048,에스엔피제네틱스,86460
2049,에이비온,203400
2050,에이펙스인텍,207490
2051,엔솔바이오사이언스,140610
2052,엔에스컴퍼니,224760
2053,옐로페이,179720
2054,이비테크,208850
2055,인터코스,240340
2056,코셋,189350
2057,티씨엠생명과학,228180
2058,파마리서치바이오,217950
2059,BYC,1460
2060,HMM,11200
2061,JB금융지주,175330
2062,LS네트웍스,680
2063,SK,34730
2064,SK디스커버리,6120
2065,강남제비스코,860
2066,경동나비엔,9450
2067,광명전기,17040
2068,그린케미칼,83420
2069,금호석유화학,11780
2070,깨끗한나라,4540
2071,남광토건,1260
2072,노루홀딩스,320
2073,대동공업,490
2074,대상홀딩스,84690
2075,대성에너지,117580
2076,대우부품,9320
2077,대창단조,15230
2078,도화엔지니어링,2150
2079,동성화학,5190
2080,동아에스티,170900
2081,동아지질,28100
2082,동양물산기업,2900
2083,동일고무벨트,163560
2084,동일산업,4890
2085,동일제강,2690
2086,두올,16740
2087,롯데푸드,2270
2088,롯데하이마트,71840
2089,모나리자,12690
2090,무림페이퍼,9200
2091,미래산업,25560
2092,미래에셋대우,6800
2093,보해양조,890
2094,삼화콘덴서공업,1820
2095,상신브레이크,41650
2096,서울도시가스,17390
2097,성안,11300
2098,신대양제지,16590
2099,신흥,4080
2100,쎌마테라퓨틱스,15540
2101,에스케이바이오팜,326030
2102,에이프로젠제약,3060
2103,영풍제지,6740
2104,우리들제약,4720
2105,우리종금,10050
2106,우진아이엔에스,10400
2107,웅진씽크빅,95720
2108,유수홀딩스,700
2109,유엔젤,72130
2110,율촌화학,8730
2111,이노션,214320
2112,이화산업,760
2113,인팩,23810
2114,일신방직,3200
2115,일진디스플,20760
2116,제주은행,6220
2117,제주항공,89590
2118,종근당,185750
2119,진양홀딩스,100250
2120,천일고속,650
2121,체시스,33250
2122,카프로,6380
2123,컨버즈,109070
2124,케이티앤지,33780
2125,코스맥스,192820
2126,태영건설,9410
2127,폴루스바이오팜,7630
2128,풍산,103140
2129,하나금융지주,86790
2130,한국가스공사,36460
2131,한국전력공사,15760
2132,한국항공우주,47810
2133,한성기업,3680
2134,한세예스24홀딩스,16450
2135,한일홀딩스,3300
2136,한전산업,130660
2137,한창,5110
2138,현대그린푸드,5440
2139,현대로템,64350
2140,현대미포조선,10620
2141,현대백화점,69960
2142,현대약품,4310
2143,현대종합상사,11760
2144,화신,10690
2145,휴켐스,69260
2146,흥국화재,540
2147,AP시스템,265520
2148,AP위성,211270
2149,S&K폴리텍,91340
2150,SFA반도체,36540
2151,THE MIDONG,161570
2152,YTN,40300
2153,골프존뉴딘홀딩스,121440
2154,글로벌에스엠,900070
2155,금화피에스시,36190
2156,까스텔바작,308100
2157,나무가,190510
2158,네온테크,306620
2159,넥스트아이,137940
2160,녹십자랩셀,144510
2161,농우바이오,54050
2162,뉴트리,270870
2163,다나와,119860
2164,다믈멀티미디어,93640
2165,대동스틸,48470
2166,대명소노시즌,7720
2167,대보마그네틱,290670
2168,대신밸런스제8호스팩,336570
2169,대한광통신,10170
2170,더네이쳐홀딩스,298540
2171,데이타솔루션,263800
2172,덱스터,206560
2173,도이치모터스,67990
2174,동원개발,13120
2175,동일금속,109860
2176,동화기업,25900
2177,드림시큐리티,203650
2178,드림어스컴퍼니,60570
2179,디딤,217620
2180,디에이테크놀로지,196490
2181,디와이피엔에프,104460
2182,디지캡,197140
2183,디지탈옵틱,106520
2184,레몬,294140
2185,로보티즈,108490
2186,로체시스템즈,71280
2187,루멘스,38060
2188,루트로닉,85370
2189,리노공업,58470
2190,마이크로디지탈,305090
2191,마크로젠,38290
2192,매커스,93520
2193,메디아나,41920
2194,멜파스,96640
2195,모바일리더,100030
2196,미래생명자원,218150
2197,미래컴퍼니,49950
2198,바른전자,64520
2199,바른테크놀로지,29480
2200,배럴,267790
2201,백금T&A,46310
2202,보성파워텍,6910
2203,브이원텍,251630
2204,브이티지엠피,18290
2205,비씨월드제약,200780
2206,비아트론,141000
2207,빛샘전자,72950
2208,상상인이안제2호스팩,329560
2209,상상인인더스트리,101000
2210,서남,294630
2211,서울리거,43710
2212,서울제약,18680
2213,서전기전,189860
2214,서희건설,35890
2215,성광벤드,14620
2216,세동,53060
2217,세미콘라이트,214310
2218,세중,39310
2219,센트럴바이오,51980
2220,솔브레인홀딩스,36830
2221,솔트룩스,304100
2222,솔트웍스,230980
2223,슈프리마아이디,317770
2224,스카이이앤엠,131100
2225,신신제약,2800
2226,신영스팩6호,344050
2227,싸이맥스,160980
2228,썸에이지,208640
2229,쏠리드,50890
2230,씨아이에스,222080
2231,씨에스베어링,297090
2232,아난티,25980
2233,아바코,83930
2234,아스트,67390
2235,아이스크림에듀,289010
2236,아이텍,119830
2237,아이티엠반도체,84850
2238,알로이스,297570
2239,양지사,30960
2240,에스씨디,42110
2241,에스텍,69510
2242,에스폴리텍,50760
2243,에스피시스템스,317830
2244,에이디테크놀로지,200710
2245,에이치엘비생명과학,67630
2246,에이치엘비파워,43220
2247,에치에프알,230240
2248,엔에이치스팩16호,353190
2249,엘앤씨바이오,290650
2250,엘앤에프,66970
2251,엘티씨,170920
2252,영우디에스피,143540
2253,영풍정밀,36560
2254,예선테크,250930
2255,오상자이엘,53980
2256,오스코텍,39200
2257,오파스넷,173130
2258,올릭스,226950
2259,옴니시스템,57540
2260,옴니텔,57680
2261,와토스코리아,79000
2262,우리산업,215360
2263,우리이앤엘,153490
2264,우원개발,46940
2265,위즈코프,38620
2266,윈팩,97800
2267,유바이오로직스,206650
2268,유비케어,32620
2269,유안타제3호스팩,287410
2270,유진스팩4호,321260
2271,이노메트리,302430
2272,이노와이즈,86250
2273,이노테라피,246960
2274,이매진아시아,36260
2275,이베스트이안스팩1호,323210
2276,이씨에스,67010
2277,이엔드디,101360
2278,이오테크닉스,39030
2279,인터로조,119610
2280,인트로메딕,150840
2281,인화정공,101930
2282,자연과환경,43910
2283,정산애강,22220
2284,제넥신,95700
2285,제닉,123330
2286,제이브이엠,54950
2287,제이엔케이히터,126880
2288,제일테크노스,38010
2289,제테마,216080
2290,중앙오션,54180
2291,지에스이,53050
2292,지와이커머스,111820
2293,진양제약,7370
2294,차바이오텍,85660
2295,천랩,311690
2296,케어젠,214370
2297,케이맥,43290
2298,케이엘넷,39420
2299,케이엠더블유,32500
2300,케이프이에스제4호,347140
2301,코렌텍,104540
2302,코리아나,27050
2303,코스맥스엔비티,222040
2304,코오롱티슈진,950160
2305,코콤,15710
2306,큐에스아이,66310
2307,크루셜텍,114120
2308,크리스에프앤씨,110790
2309,클래시스,214150
2310,테스,95610
2311,텔레칩스,54450
2312,텔레필드,91440
2313,톱텍,108230
2314,티비씨,33830
2315,티플랙스,81150
2316,파나진,46210
2317,파이오링크,170790
2318,포비스티앤씨,16670
2319,포시에스,189690
2320,푸른기술,94940
2321,퓨전,195440
2322,프럼파스트,35200
2323,플리토,300080
2324,피제이전자,6140
2325,하림,136480
2326,하이록코리아,13030
2327,하이비젼시스템,126700
2328,하츠,66130
2329,한국기업평가,34950
2330,한국정보공학,39740
2331,한네트,52600
2332,한라IMS,92460
2333,한양이엔지,45100
2334,한프,66110
2335,해성산업,34810
2336,해성옵틱스,76610
2337,핸디소프트,220180
2338,행남사,8800
2339,홈센타홀딩스,60560
2340,힘스,238490
2341,TS트릴리온,284610
2342,관악산업,76340
2343,루켄테크놀러지스,162120
2344,메디젠휴먼케어,236340
2345,미코바이오메드,214610
2346,바이오코아,216400
2347,셀젠텍,258250
2348,엔에스엠,238170
2349,원바이오젠,278380
2350,원텍,216280
2351,이노진,344860
2352,지앤이헬스케어,299480
2353,툴젠,199800
2354,플럼라인생명과학,222670
2355,피엔에이치테크,239890
2356,한국미라클피플사,331660
2357,휴벡셀,212310
